Image|Name|Owner|Type|Origin|Speed|Movement|Combat|Trait|Weakness
Regular Horse|Regular Horse|Anyone|Creature|Common domestic horse|40|Gallop|No|None special|None special
Warhorse|Warhorse|Soldiers, knights, wealthy hunters|Creature|Purpose-bred horse|38|Gallop, charge|Yes|Trained not to panic in battle; can carry an armored rider|Expensive; requires training and considerable food
Pony|Pony|Anyone, especially smaller races|Creature|Common domestic pony|30|Gallop, rough trails|No|Hardy, inexpensive, excellent footing, easy to maintain|Low carrying capacity and slower than a horse
Mule|Mule|Traders, travelers, hunters|Creature|Horse-donkey hybrid|32|Rough trails, mountain paths|No|Excellent endurance, strong carrying capacity, reliable footing|Stubborn; poor acceleration and unsuitable for serious combat
Donkey|Donkey|Farmers, traders, common travelers|Creature|Common domestic donkey|25|Rough trails|No|Cheap, hardy, low food requirements, good pack animal|Slow and limited carrying speed
Camel|Camel|Desert travelers, merchants|Creature|Desert regions|38|Sand travel|No|Exceptional heat tolerance, long periods without water, excellent desert endurance|Performs poorly in cold, wet, or steep terrain
Dromedary War Camel|Dromedary War Camel|Desert soldiers and hunters|Creature|Purpose-bred desert camel|36|Sand travel, charge|Yes|Heat resistance, intimidation against unfamiliar animals, carries heavy rider and equipment|Temperamental; poor in cold and slippery terrain
Riding Elk|Riding Elk|Forest peoples, northern settlements|Creature|Temperate and northern forests|36|Forest stride, high jump|Limited|Moves through brush better than horses, good hearing, strong seasonal endurance|Nervous around fire and loud combat; antlers complicate dense terrain
Reindeer|Reindeer|Northern peoples|Creature|Tundra and cold forests|32|Snow travel|No|Excellent cold tolerance, good footing on snow, modest food needs|Poor heat tolerance and less powerful than a horse
Giant Goat|Giant Goat|Mountain settlements|Creature|Mountain breeds|28|Climb, cliff-step|Limited|Exceptional balance, climbs terrain almost unusable by horses, hardy|Slow on open roads; limited carrying capacity
Yak|Yak|Mountain settlements, caravans|Creature|High mountains|25|Snow travel, mountain paths|Limited|Huge carrying capacity, cold resistant, extremely hardy|Slow; suffers badly in hot climates
Ox|Ox|Farmers, caravans|Creature|Agricultural regions|20|Heavy pull|Limited|Tremendous pulling strength, cheap to maintain, dependable|Very slow and poor for pursuit or emergency travel
Great Boar|Great Boar|Forest clans, rough cavalry|Creature|Forests and woodland farms|30|Charge, brush movement|Yes|Aggressive, strong, difficult to frighten, excellent through undergrowth|Difficult temperament; less endurance than horses
Wulf|Wulf|Hunters, frontier peoples|Creature|Large domesticated wolf breed|34|Sprint, leap, forest movement|Yes|Excellent senses, aggressive defense, tracking, good rough-terrain mobility|Lower carrying capacity than a horse; requires much more meat
Great Hound|Great Hound|Scouts, hunters, smaller riders|Creature|Purpose-bred hunting dogs|32|Sprint, leap|Yes|Excellent tracking, loyal, agile in forests and settlements|Cannot comfortably carry large or heavily armored riders
Riding Rhino|Riding Rhino|Heavy cavalry, wealthy hunters|Creature|Warm plains and savannah|24|Charge, rough-ground push|Yes|Enormous strength, natural armor, devastating charge, exceptional carrying capacity|Slow, difficult to turn, eats enormously, poor on narrow paths
Elephant|Elephant|Armies, wealthy caravans|Creature|Tropical and warm regions|25|Heavy terrain crossing|Yes|Massive carrying capacity, very intelligent, can transport several people or large loads|Huge food requirements, expensive, difficult in mountains and narrow streets
Giant Lizard|Giant Lizard|Desert, cavern and rocky-region riders|Creature|Drylands and caverns|30|Climb, rock crawl|Limited|Excellent on stone, tolerates heat, can traverse terrain unsuitable for hooves|Cold-sensitive; comparatively slow over good roads
Marsh Lizard|Marsh Lizard|Swamp communities|Creature|Marshes and wetlands|25|Swim, mud crawl|Limited|Excellent swamp mobility, strong swimmer, comfortable in deep mud|Slow on roads and vulnerable to cold
Water Buffalo|Water Buffalo|Wetland farmers and travelers|Creature|River plains and marshlands|24|Mud travel, shallow swim|Limited|Very strong, stable in mud and water, good pack capacity|Slow and stubborn; poor mountain mobility
Great Runner Bird|Great Runner Bird|Plains and dryland riders|Creature|Grasslands and semi-deserts|42|Fast run|No|Very fast sustained travel on open ground, low burden on soft terrain|Poor carrying capacity, easily injured in rough rocky terrain
Giant Tortoise|Giant Tortoise|Caravans, isolated settlements|Creature|Warm islands and dry regions|12|Difficult-terrain crawl|Defensive|Enormous carrying capacity, very low food urgency, naturally armored|Extremely slow; useless for pursuits
Moose|Moose|Northern forest hunters|Creature|Wet northern forests|30|Forest travel, shallow swim, snow stride|Limited|Very large, strong swimmer, crosses snow and wetlands surprisingly well|Temperamental, awkward in settlements, unsuitable for disciplined cavalry
Tinky|Tinky |Hekdor |Creature|Divine Stonehorn Pegarin |60|Glide downward, hover briefly, rough terrain charge |Yes / Defensive|Massive carrying strength, high endurance, resistant to forced movement, divine presence, armored horn charge. His saliva can can heal minor injuries. |extremely strong, but too heavy for true upward flight. 
Irok|Irok |Erik|Creature|Ironroad Courser |70|Strong ground travel, rough roads, stable firing stance |Limited / defensive |Cannot fly, extremely reliable, fearless under gunfire, saddle storage, armored hide, steady shooting platform |reliable and armored, but no flight and not flashy. 
Kravex|Kravex |Xénia |Creature|Razorwing Tiger-Pegas |80|Flight, leap, climb, dive attack |Yes |Very mobile, predatory reflexes, claw attacks, aerial pounce, fast repositioning, aggressive temperament |incredibly mobile, but impatient and hard to control. 
Auralis|Auralis |Anaria |Creature|Tempest Kirin |90|Runs through air, cloud-step, storm glide |Yes |Lightning resistance, weather sense, storm aura, can assist rain/wind magic, graceful and intelligent |powerful in storms, but less comfortable in dry dead-magic areas. 
Veyl|Veylourienne Prismaticia Mirrorgleam Indigo Peacock Feathered „Veyl“|Velimira |Creature|Prismtail Vulpagriff |70|Blink, glide, leap, difficult terrain bypass |Yes / evasive |Short-range teleport blink, glamour afterimages, illusion shimmer, excellent scouting, stylish distraction |can blink, but repeated blinking tires her and may misplace loose gear. 
Braksa|Braksa|Darina|Creature|Bloodwake Bristlecat|90|Yes|Sprint, leap, climb, shallow swim|Blood-scent tracking, rage burst, savage pounce, fear-resistant, becomes more dangerous when wounded|Hard to calm after blood is spilled; can escalate already unstable situations
Veyun|Veyun|Darius|Creature|Stillwater Kirin|75|Defensive / disciplined|Sure-footed movement, light climbing, water-step, silent gait|Calming aura, fear resistance, exceptional balance, stabilizes rider’s breathing and focus, serene monk-like presence|Does not like reckless aggression; avoids needless violence
Murmura|Murmura|Ľubomíra|Creature|Echo-Mane Charmstag|75|Limited / support|Fast ground travel, graceful leaps, short mist-step|Voice mimicry, emotional sensing, calming presence, illusion shimmer, can repeat overheard phrases|Sometimes repeats things it heard at the worst possible moment
Suture|Suture|Marcel|Machine|Mechanical Aegis Walker|55|Yes / protector|Heavy terrain crossing, climbing anchors, stabilizer legs|Fully mechanical, emergency medical rig, shield plates, tool storage, repair arms, wounded transport platform|Loud, heavy, maintenance-hungry, and impossible to hide
Index|Index|Leonard|Creature|Quillwing Archive-Griff|90|Yes / tactical|Silent flight, glide, perch, careful landing|Excellent memory, monster-scent recognition, night vision, detects old tracks, protects books and scrolls|Refuses chaotic riders and dislikes unnecessary risk
Aelaris|Aelaris|Caelthir Vaelorian|Creature|Moonwing Aelsteed|90|Flight, glide, hover, silent woodland ascent|Yes|Essence-buffering calm, elegant aerial maneuvering, high discipline, near-silent movement, resists panic and magical overload|Refuses to carry more then one rider.
Karruk|Karruk|Morga Dakrad|Creature|Granulian Stonehide Warboar|60|Charge, climb rocky slopes, smash through obstacles, river fording|Yes|Massive impact force, fearless, excellent against large enemies, thick hide, battle roar, can hold a line beside Morga|Likes to strat figh on his own, eats smaller creatures.
Vespera|Vespera|Lavri Oblag|Creature|Crownplume Mirrorsteed|85|Glide, high leap, rapid turn, elegant sprint|Yes / imposing|Glamour shimmer, dazzling display, intimidating beauty, attention-drawing presence, difficult to ignore or target cleanly|Refuses to be even touched by cretures with low Charisma. Is very selective of his food and stable conditions.
Orbit|Goliwheel Mk III “Orbit”|Majky Neon|Machine|Aetherwheel Mobility Chassis|80|High-speed rolling, stabilizer mode, booster jump, suit-docking|Limited / support|Fully mechanical, docks to Mechanický Goliat, travel acceleration, impact stabilization, storage, emergency deployment platform|Speed without armor is higher but steering is harder. Has to recharge on short rest, ot is much slower.
Lumiel|Lumiel|Theresa Thlavinova|Creature|Halo Seraph-Hind|90|Flight, hover, radiant glide, silent landing|Yes / support|Celestial aura, language resonance, radiant warding, heightened perception, calm mind-field, ideal for a scholar and interpreter|Has trouble to adjust to chaotic locations.
Noxveil|Noxveil|Mishel Regebe|Creature|Abyss-touched Shadow Courser|70|Shadow-step, silent ground travel, short wall-climb, darkness glide|Yes / evasive|Moves almost soundlessly, resists necrotic and fire effects, can blur into smoke, senses fiendish presence, carries Mishel through dim light without disturbing it|Weak in direct holy/radiant zones; becomes harder to command when demonic energy is nearby
Vargast|Vargast|Arianna Arconia|Creature|Tmavohmla Nightstalker Hound|80|Sprint, alley-leap, wall-bounce, fog-running|Yes|Excellent urban pursuit mount, sees through fog and darkness, tracks blood and fear, silent pounce, terrifying to monsters that rely on ambush|Uncomfortable in open bright terrain; prefers stalking routes over direct travel
Puckthorn|Puckthorn|Laestarien Huf'paftin|Creature|Fey-Touched Trickhart|75|Forest sprint, high leap, branch-step, short illusion-step|Yes / trickster|Creates distracting fey afterimages, understands traps and games, can lure enemies into bad positions, nimble in forests, resistant to charm|Prankish and disobedient if bored; may “improve” simple plans with jokes
Stormfin|Stormfin|Purrtrick Lung|Creature|Living Forest Thunder-Manta|85|Air-swim, water-swim, glide, hover, smooth descent|Yes / protector|Can carry allies over terrain, lightning resistance, creates static shield-wake, excellent water rescue, calming to Purrtrick because it is almost fish-like|Poor in cramped indoor spaces; needs moisture or storm charge to perform at full strength
Silkstride|Silkstride|Nathaniel Arachnit|Creature|Archive Webstrider|65|Wall-climb, ceiling-crawl, silent stepping, web-line descent|Yes / tactical|Perfect stealth scout, can anchor silk lines, senses vibrations through stone and wood, carries tools and maps safely, excellent for rooftop observation|Fragile compared to war mounts; avoids loud open combat and fire-heavy environments
Brundra|Brundra|Dandaria Bohova|Creature|Severan Ironmane War-Moose|60|Snow-run, rough terrain charge, shallow river crossing, cliff-step|Yes|Enormous carrying strength, cold resistance, rage-resonance with rider, brutal antler charge, can carry oversized weapons and heavy trophies|Not subtle; slow to turn once charging; becomes harder to redirect when Dandaria enters rage
Nul_Image|Nul|Tod – Tichoš|Creature|Muteveil Ash-Lynx|75|Silent sprint, wall-scramble, rooftop leap, shadow slip|Yes / stealth|Nearly soundless movement, muffles rider noise, sees in darkness, leaves faint or false tracks, perfect for ambush extraction|Avoids loud battlefield chaos; weak against bright reveal-magic and wide-area fire
Kintara|Kintara|Valanari Letkova|Creature|Granulian Guardstep Kirin|80|Balance-run, wall-step burst, high leap, rapid sidestep|Yes / defensive|Kinetic redirection aura, exceptional balance, can intercept charges, reacts to rider’s body movement, protects limbs and flanks during close combat|Requires disciplined rider control; performs poorly with reckless or panicked commands
Deepbell|Deepbell|Miloš Ocelík|Creature|Skalodom Gemhorn Ram|75|Mountain climb, tunnel travel, narrow ledge walking, stone-step|Yes / support|Resonant horn call, morale-boosting rumble, remembers songs and routes, senses hollow stone and buried chambers, carries instruments and lore packs safely|Slow on flat long-distance routes; stubborn unless guided by rhythm, song, or familiar rider cues
Oculus|Oculus|Alexander Juhierny|Creature|Juhieran Farsee Glasswing Drake|90|Flight, hover, perch, sharp dive, high-altitude scouting|Yes / tactical|Scry-linked vision, crystal eye crest, can relay battlefield angles to Alexander’s orb, excellent memory for observed fights, detects hidden movement patterns|Vulnerable to anti-divination effects; becomes disoriented if its crystal sight is blinded or overloaded
Grimhold|Grimhold|Antikus Grook|Creature|Severan Shieldback Courser|70|Rough terrain run, shield-brace stance, snow travel, controlled charge|Yes|Extremely reliable, does not panic, can brace beside Antikus like a living shield wall, strong endurance, carries spear-and-shield gear well|Not flashy or especially fast; wins through patience and toughness, not special tricks
Ruinmaw|Ruinmaw|Bazalt|Creature|Ruins of Darkness Basaltback Ravager|55|Rock climb, rubble crossing, brutal charge, short leap|Yes|Huge impact force, stone-like hide, excellent for monster impact, can carry a goliath comfortably, grows more aggressive when rider rages|Poor long-distance speed; difficult to stop once committed to a charge
Emberjoy|Emberjoy|Maja Majakova|Creature|Juhieran Heartflare Foxdrake|85|Sprint, leap, glide, emotion-pulse tracking|Yes / support|Empathic bond, senses shifts in fear, anger, excitement, and monster behavior, reacts faster than commands, can flare colorful magic to distract or calm creatures|Overreacts to strong emotions; can mirror Maja’s enthusiasm and become too eager
Remedion|Remedion|Mailo Rudla|Creature|Sostrov Saint-Hart Apothecary Stag|70|Forest travel, careful mountain pathing, shallow water crossing, steady burden movement|Defensive / support|Carries medical supplies, senses poison, disease, rot, and curse-taint, calming holy presence, can stabilize wounded riders, gentle but brave|Avoids needless aggression; vulnerable if forced into direct frontline assault too long
Vialtick|Vialtick|Inge Čarčoredka|Creature|Granulian Alchemic Sample-Beetle|60|Wall crawl, tunnel crawl, marsh crossing, slow glide from height|Limited / utility|Armored carapace, sample-storage chambers, toxin-resistant, can safely carry monster fluids, glands, spores, slime, and living reagents, field-lab saddle|Not graceful and not fast; curious around dangerous biological material and may stop to investigate
Gloamheart|Gloamheart|Daniel Kravke|Umbral Courser|Jazierchat shadow-marshes|90|Shadow-step, silent stride, water-skimming|Yes|Sees through magical darkness, muffles movement, wraps rider in dim protective gloom|Weakened by strong radiant light and hesitant on heavily consecrated ground
Bastion|Bastion|Krištof Aus Tiefental|Valehorn Charger|Deep valleys and noble hunting roads near Jazierchat|65|Sure-footed climb, burst charge, long-distance endurance|Yes|Highly disciplined, excellent tracker, steady under fear and missile fire|Not stealthy and loses speed in deep swamp or unstable mud
Saphros|Saphros|Wolfgang Sumrak|Azure-Mane Dire Lion|Severana basalt ridges and thermal caverns|60|Great leaps, cliff climbing, short flame-dash bursts|Yes|Blue-fire mane, terrifying roar, heat resistance, brutal pounce attacks|Temperamental when badly wounded and too conspicuous for subtle travel
Refrén|Refrén|George Hviezda|Songhorn Ram|Lesohaj meadow-cliffs|55|Gliding jumps, cliff-leaping, agile hill running|Yes|Resonant call that boosts morale and disrupts foes, compact enough for a halfling, excellent balance|Cannot carry heavy loads and struggles in prolonged direct melee against large beasts
Boren|Boren|Krasko Horenik|Marshhorn Stag|Forests and wetlands around Jazierchat and clan territories|70|Swimming, brush-walking, silent forest stride|Yes|Excellent scenting, natural camouflage, senses poison and corrupted flora, strong bond with druidic magic|Uneasy in dense urban streets and less effective on barren stone or wasteland terrain
Dawnshear|Dawnshear|Helena Sajkl|Creature|Chladohrad Frost-Halo Wargryph|90|Flight, snow-run, radiant dive, cliff launch|Yes|Radiant smite-channeling, cold resistance, fearless charge, excellent aerial pursuit, attacks threats before they reach protected allies|Proud and difficult to hold back; poor choice for subtle missions or peaceful negotiations
Graspwake|Graspwake|Amanda Okercera|Creature|Oker-Blessed Manyclaw Raptor|75|Sprint, leap, climb, sudden side-dash|Yes|Semi-independent tail and claw reflexes, can act to protect rider even when Amanda is stunned, reacts well to her autonomous arm, brutal close-combat mobility|Requires constant control; may “help” before Amanda wants it to, especially when danger is close
Auroveil|Auroveil|Ervart Goldschmied|Creature|Jazierchat Gilded Gloomsteed|80|Shadow-gallop, mist-step, noble road endurance, short dark glide|Yes|Cursed-gold aura, dim-light camouflage, fear resistance, can turn shadow into brief golden flare, imposing noble presence|Unstable around curse-breaking magic; its glamour weakens in plain daylight and consecrated places
Ironmane|Ironmane|Dytria Grats|Creature|Grats Arena Scar-Aurochs|60|Brutal charge, rough terrain push, mud crossing, shield-body advance|Yes|Heavy impact force, scarred antimagical hide, carries trophy gear, resists charm and fear, can body-block spells or monster charges|Not a lion; slow to turn, poor at stealth, difficult to bond with because it only respects survival-tested riders
Oddlight|Oddlight|Vilo Rozsipal|Creature|Jazierchat Curio-Wing Spellmoth|75|Hover, glide, silent flutter, short arcane drift|Limited / support|Carries rare items safely, senses enchanted objects, creates soft distraction lights, excellent for caster repositioning, strangely charming to merchants and collectors|Fragile in direct combat; drawn toward magical curiosities and may become distracted by rare artifacts
Gromveil|Gromveil|Damian Kolt|Ghostfire Charger|Granulian storm roads and ash-border plains|60|Gallop, burst charge, strong footing on roads and broken ground|Yes|Looks like a normal disciplined warhorse outside combat; battle state ignites eerie green flame; fearless under gunfire, thunder, and panic; accelerates brutally fast for sudden engagement|Ghostfire gives away position once combat starts; less effective in deep swamp, dense forest, or prolonged stealth travel
Rimeguard|Rimeguard|Ludvik Grats|Frostcliff Griffon|Chladohrad high cliffs and frozen wind shelves|68|Flight, glide, cliff landing, cold-weather ascent|Yes|Powerful wings, excellent cold endurance, calm protector temperament, dependable with rider and gear, steady in mountain winds|Heavy appetite; heat and humid lowlands reduce stamina; less agile in tight urban spaces
Vespera|Vespera|Carlie Hof’Goria|Silkdusk Cougar|Shadowed estates, rocky gardens, and dusk forests near Juhiera|52|Silent sprint, climb, leap, rooftop and wall-edge movement|Yes|Smarter than most give it credit for, responds to tiny cues, elegant and quiet, excellent stalker, unnerves lesser beasts without flashy aggression|Not a brute line-breaker; dislikes exposed open terrain and long heavy hauling; weaker in prolonged frontal clashes
Judicar|Judicar|Kratol Uroqal|Sanctified Ironhide Triceratops|Chladohrad frost-plateaus and holy pilgrimage routes|40|Charge, snow-trudge, rubble push, defensive bracing|Yes|Armor-like hide, tremendous stopping power, naturally protective, ideal for holding lines and breaking monster formations, unwavering under pressure|Large turning radius; poor in dense forest and narrow streets; too heavy for fragile bridges or subtle travel
Myrrok|Myrrok|Ogmurok Rogantor|Ghostriver Huntcat|Riverwoods, flooded brush, and wild wetland corridors of the Divočina|56|Swim, climb, long leap, trunk-running, brush-slipping|Yes|Almost impossibly graceful movement, near-silent hunting, crosses rivers with barely a ripple, disappears through vegetation, makes rider seem supernatural without any flashy magic|Not made for armored burden or siege-style clashes; dry open plains expose it more; relies on movement rather than heavy durability
